SeriesInstanceUID,SERIES_NUMBER,PATIENT_ID,SERIES_SIZE_MIB
1.3.6.1.4.1.14519.5.2.1.3320.3273.120037091871492929992344591042,4,C3N-02592,2.51
1.3.6.1.4.1.14519.5.2.1.2932.1975.179430188804820035130957919516,701,C3N-04167,2.00
1.3.6.1.4.1.14519.5.2.1.2932.1975.316234055368539146233699925911,701,C3N-01524,1.00
1.3.6.1.4.1.14519.5.2.1.3344.4020.117337914684452963700273600573,4,TCGA-D1-A16G,0.75
1.3.6.1.4.1.14519.5.2.1.2932.1975.180858323894721447754473050975,701,C3N-03233,0.65
