SeriesInstanceUID,SeriesNumber,PatientID,SeriesSize_MiB
1.3.6.1.4.1.14519.5.2.1.1620.1225.126199233307222832552106510489,73400000,EA1141-8882801,17.72
1.3.6.1.4.1.14519.5.2.1.108663692027138140303581722239155623517,8,Prostate-AEC-083,4.00
1.3.6.1.4.1.14519.5.2.1.158119966514243365312211458318617833111,3,Prostate-AEC-011,4.00
1.3.6.1.4.1.14519.5.2.1.7009.2403.131073475250375708029399736284,4,ACRIN-NSCLC-FDG-PET-216,2.26
1.2.840.113704.1.111.1620.1200671846.32,8166,NoduleLayout_2,2.04
