BANK_NAME,PERCENT_UNINSURED
Cathay Bank,100.00000000000
Cathay Bank,100.00000000000
Cathay Bank,100.00000000000
Cathay Bank,100.00000000000
Cathay Bank,100.00000000000
Cathay Bank,100.00000000000
Cathay Bank,100.00000000000
Cathay Bank,100.00000000000
Cathay Bank,100.00000000000
Cathay Bank,100.00000000000
