DurationCategory,MinTimeInMinutes,MaxTimeInMinutes,TotalRevenue
Long,47.726183,88.115883,41.79
Medium,3.289250,47.086100,1817.5500000000002
Short,0.017850,3.288800,469.26
