Category,Min_Duration_Minutes,Max_Duration_Minutes,Total_Revenue
Long,47.726183333333,88.115883333333,41.79
Short,0.017850000000,3.288800000000,469.26
Medium,3.289250000000,47.086100000000,1817.55
