year,average_merged_output_value,average_transaction_output_value,difference
2015,435763972.6438356,1216723628.2175398,-780959655.5737042
2016,691985173.4046512,1742256491.5555675,-1050271318.1509163
2017,648522208.2382672,1085345763.1747832,-436823554.93651605
2018,197971020.25128207,555087781.8771906,-357116761.6259085
2019,888616155.0872728,406502253.42653817,482113901.6607346
2020,28390403.110410094,865540014.1147028,-837149611.0042927
2021,122156216.1122449,1753224474.3493845,-1631068258.2371397
2022,43952124.58113208,1394900549.544868,-1350948424.9637358
2023,14532525.404558405,293962594.9630011,-279430069.55844265
