year,avg_difference
2015,-849388366.283565
2016,-1236787037.731225
2017,-739385349.058211
2018,-362949769.335716
2019,-249413831.301875
2020,-743793077.297214
2021,-1507951619.446784
2022,-999016280.515128
2023,-224522813.915914
