year,difference_in_average
2015,-849456107.835111
2016,-1236976188.363096
2017,-739699535.760310
2018,-362954993.404532
2019,-250080198.058634
2020,-743695638.476511
2021,-1507835585.980188
2022,-998712859.149602
2023,-224477091.086985
