year,avg_output_merged,avg_output_transaction,avg_diff
2015,367267520.38242894,1216723628.2175398,-849456107.8351109
2016,505280303.19247186,1742256491.5555675,-1236976188.3630958
2017,345646227.4144727,1085345763.1747832,-739699535.7603105
2018,192132788.47265878,555087781.8771906,-362954993.40453184
2019,156422055.3679043,406502253.42653817,-250080198.05863386
2020,121844375.63819188,865540014.1147028,-743695638.476511
2021,245388888.36919734,1753224474.3493845,-1507835585.9801872
2022,396187690.39526564,1394900549.544868,-998712859.1496024
2023,69485503.876016,293962594.9630011,-224477091.08698505
