year,difference
2015,-780959655.573704
2016,-1050271318.150917
2017,-436823554.936516
2018,-357116761.625909
2019,482113901.660735
2020,-837149611.004293
2021,-1631068258.237140
2022,-1350948424.963736
2023,-279430069.558443
