icd_o_3_histology,avg_patient_avg_log10_IGF2_expr
9382/3,2.713571305193452
9450/3,2.6967184429497295
9400/3,2.6014163319762282
9451/3,2.582634845707509
9401/3,2.5583903450729055
