HISTOLOGY,AVG_PATIENT_AVG_LOG10_EXPR
9451/3,2.582634845707509
9401/3,2.5583903450729055
9450/3,2.6967184429497295
9400/3,2.6014163319762282
9382/3,2.713571305193452
