HISTOLOGY,AVG_LOG10_NORMALIZED_COUNT_PLUS1_IGF2
9401/3,0.3930726984192444
9451/3,0.3872014666192779
9400/3,0.38623380245382716
9450/3,0.37434072279058844
9382/3,0.37051049820758064
