mirna_id,pearson_correlation,sample_count,t_statistic
hsa-mir-25,0.4678821228737624,32,2.899663244199298
hsa-mir-1193,0.8270528276619593,27,7.356495436301948
hsa-mir-4768,0.36121004211951435,27,1.9368153028833504
hsa-mir-937,0.5898502270310747,28,3.724595211099764
hsa-mir-136,0.3349209863982074,26,1.7413400155758962
hsa-mir-6768,0.3801841439236387,30,2.175069596609772
hsa-mir-4519,0.3259341139350139,31,1.856592838451563
