mirna_id,pearson_corr,sample_size,t_statistic
hsa-mir-1193,0.7793534575363543,27,6.219060680108682
hsa-mir-937,0.6118627135485424,28,3.944427293337412
hsa-mir-25,0.48968984696269996,32,3.0762150569066455
hsa-mir-493,0.3977136916237177,30,2.293712349525739
hsa-mir-4768,0.40461545821473066,27,2.21225393369992
hsa-mir-4519,0.34287209149007325,31,1.9655715404911238
hsa-mir-6768,0.32970925352309977,30,1.8479924573352324
