ADDRESS_TYPE,MAX_FINAL_BALANCE,MIN_FINAL_BALANCE
multisig,10920.00000000,10017.00000000
pubkeyhash,192112095138.00000000,-557583981515.00000000
scripthash,50495618.00000000,-11276720.00000000
