year,merged_output_avg,tx_output_avg,difference
2015,367335261.933975,1216723628.217540,-849388366.283565
2016,505469453.824343,1742256491.555568,-1236787037.731225
2017,345960414.116572,1085345763.174783,-739385349.058211
2018,192138012.541475,555087781.877191,-362949769.335716
2019,157088422.124663,406502253.426538,-249413831.301875
2020,121746936.817489,865540014.114703,-743793077.297214
2021,245272854.902601,1753224474.349385,-1507951619.446784
2022,395884269.029740,1394900549.544868,-999016280.515128
2023,69439781.047087,293962594.963001,-224522813.915914
