year,merged_avg,tx_avg,difference
2015,367335261.933975492288,1216723628.217539711612,-849388366.283564219324
2016,505469453.824342663274,1742256491.555567508128,-1236787037.731224844854
2017,345960414.116572044879,1085345763.174783188793,-739385349.058211143914
2018,192138012.541475278192,555087781.877190546283,-362949769.335715268091
2019,157088422.124663264563,406502253.426538194406,-249413831.301874929843
2020,121746936.817488718441,865540014.114702800567,-743793077.297214082126
2021,245272854.902600875606,1753224474.349384608017,-1507951619.446783732411
2022,395884269.029739982382,1394900549.544867986799,-999016280.515128004417
2023,69439781.047087046084,293962594.963001076375,-224522813.915914030291
