year,diff_avg_value
2015,-849388366.2835643
2016,-1236787037.7312248
2017,-739385349.0582112
2018,-362949769.3357153
2019,-249413831.3018749
2020,-743793077.2972142
2021,-1507951619.4467835
2022,-999016280.515128
2023,-224522813.91591403
