rfm_segment,avg_sales_per_order_per_customer,customers_in_segment
Can't Lose Them,403.7453031973539,1814
Champions,277.4517651004968,4582
Loyal Customers,272.8587379934002,9274
Hibernating,205.90263042938696,20145
Needs Attention,166.0313954588458,6342
Potential Loyalists,154.9671512549899,18287
Recent Users,86.79826029216467,5271
Lost,74.31778456737958,15383
About to Sleep,73.70677826422869,7766
Promising,50.222104300091495,2186
Price Sensitive,49.76636324230603,2307
