rfm_segment,segment_avg_sales
Champions,316.4822570989652
Hibernating,297.83353426859566
Loyal_Customers,248.64495818426315
Cant_Lose_Them,214.85598214285713
Needs_Attention,177.48173740510697
Potential_Loyalists,87.19944798865852
About_to_Sleep,86.21807731050113
Lost,79.35533906357982
Recent_Users,46.898353545734835
