rfm_segment,average_sales_per_order
Champions,316.3895244905402
Hibernating,297.8160722380639
Loyal Customers,248.38512774898962
Can't Lose Them,216.3744071146245
Needs Attention,178.44060501890684
Potential Loyalists,87.19297065076178
About to Sleep,86.37332409623377
Lost,79.40538624292932
Recent Users,46.866000822030415
