reference_bases,min_start_position,max_start_position,proportion
AT,29784267,138735543,0.5525291828793775
TA,29816555,138696638,0.4474708171206226
