total_samples,mutation_types,MSB,MSW,F_statistic
27,7,0.2588628788069412,0.10863335608090927,2.3829041847344032
