total_samples,mutation_types,MSB,MSW,F_statistic
754,14,0.10051702752211418,0.07096996862234342,1.4163318580144966
