total_samples,num_groups,MSB,MSW,F_statistic
3,2,0.01559855954,0.002135622368,7.303987715116495
