reference_bases,min_start,max_start,min_proportion,max_proportion
AT,4046565,138735543,15684.360465,537734.662791
TA,29816555,138696638,115568.042636,537583.868217
