reference_bases,min_start_position,max_start_position,min_proportion,max_proportion
AT,29784267,138735543,209748.359155,977010.866197
TA,29816555,138696638,259274.391304,1206057.721739
