reference_bases,min_start_position,max_start_position,proportion_min_max
AT,29784267,138735543,0.214684
AT,4046565,4046565,1.000000
TA,29816555,138696638,0.214977
