case_barcode,WEIGHTED_AVG_COPY_NUMBER
TCGA-AB-2939,2.4963150110725314
TCGA-AB-2941,1.0862829961719522
TCGA-AB-2929,1.0413824508042486
TCGA-AB-2928,1.013537873573883
TCGA-AB-3002,1.0075140796200606
TCGA-AB-2920,1.0051424664601327
TCGA-AB-2964,1.003093219424316
TCGA-AB-2971,1.0027764359010778
TCGA-AB-2911,1.0025679360822053
TCGA-AB-3008,1.0018732497317462
