type,max_balance,min_balance
scripthash,50495618.000000000,190000.000000000
multisig,10920.000000000,10017.000000000
pubkeyhash,192112095138.000000000,-3500000000.000000000
