state,postal_code,AVG_MEDIAN_DIFF,AVG_VULNERABLE_EMP_2017
Alaska,AK,10241.975694,1389.6315630148472
Delaware,DE,9507.951923,1831.5372550555835
Louisiana,LA,9055.584906,1014.5205260097938
Kansas,KS,7886.549296,1340.8264802778347
Alabama,AL,7522.180272,950.3457820720455
