state,postal_code,avg_income_diff,avg_vulnerable_employees
Alaska,AK,10241.975694444445,1488.6104825336606
Delaware,DE,9507.951923076924,2164.966247855145
Louisiana,LA,9055.584905660377,1138.4944430280339
Kansas,KS,7886.549295774648,1607.6709583855534
Alabama,AL,7522.180272108843,981.5388417363195
