state,AVG_ZIP_INCOME_DIFF_2015_2018,AVG_VULNERABLE_EMPLOYEES_2017
Alaska,10241.975694444445,1389.6315630148472
Delaware,9507.951923076924,1831.5372550555835
Louisiana,9055.584905660377,1014.5205260097938
Kansas,7886.549295774648,1340.8264802778347
Alabama,7522.180272108843,950.3457820720455
