state,avg_income_diff_2015_2018,avg_vulnerable_employees_2017
AK,10241.975694444445,1488.6104825336606
DE,9507.951923076924,2164.966247855145
LA,9055.584905660377,1138.4944430280339
KS,7886.549295774648,1607.6709583855534
AL,7522.180272108843,981.5388417363195
