state_name,state_abbr,avg_income_diff_2018_vs_2015,avg_weighted_vulnerable_employees_2017
Alaska,AK,10241.975694444445,1389.6315630148472
Delaware,DE,9507.951923076924,1831.5372550555835
Louisiana,LA,9055.584905660377,1014.5205260097938
Kansas,KS,7886.549295774648,1340.8264802778347
Alabama,AL,7522.180272108843,950.3457820720455
