membership_years,average_reputation,average_badges
4,4.514072,0.561723
5,8.727699,0.748958
6,14.305778,1.036474
7,21.510611,1.336721
8,29.540881,1.644930
9,47.724682,2.262598
10,75.930573,3.050228
11,102.380594,3.496837
12,160.153991,4.582731
13,346.489613,7.969461
14,739.448961,13.874399
15,1245.222501,18.454233
16,3501.744844,38.089049
17,9328.187448,71.170210
