membership_years,avg_reputation,avg_badge_count
4,37.320640,1151379.000
5,89.439326,1646548.000
6,238.237514,1778416.000
7,434.183609,2195228.000
8,634.744125,2837218.000
9,997.394385,3425815.000
10,1683.468908,3816833.000
11,2633.850696,4104800.000
12,3614.751342,5140610.000
13,6591.707850,5407056.000
14,10917.730730,4975068.000
15,18229.736638,3674736.000
16,44956.013765,2969727.000
17,97637.540600,1539981.000
