years_since_registration,avg_reputation,total_badges,users_count
0,41.567375,1508738,2589162
1,167.838887,1701782,2113130
2,209.236576,1854913,1660340
3,447.410454,2331304,1669149
4,709.163073,2972767,1695835
5,1182.766877,3554945,1431711
6,1736.539388,3858617,1223665
7,3174.024152,4310797,1172167
8,3722.531866,5303245,1044880
9,7564.141957,5378537,561281
10,12512.658390,4667146,326250
11,22074.114488,3553575,175063
12,52861.888329,2651251,52373
13,115760.523351,1015798,12894
