membership_years,avg_reputation,avg_badge_count
0,8.476784,2.004922
1,24.530569,3.343637
2,42.601328,4.084913
3,65.132706,4.858142
4,96.211082,5.790230
5,152.347422,7.157330
6,236.025463,9.019168
7,349.597726,11.462025
8,542.631518,14.696091
9,926.176722,20.345724
10,1664.237009,29.796215
11,2902.813031,42.303527
12,4959.221422,58.653086
13,10223.073842,88.164397
14,20580.300244,136.308313
