full_years_membership,average_reputation,average_badges
0,4.514074,1.571251
1,8.721496,2.152982
2,14.301877,2.659776
3,21.494753,3.162508
4,29.529851,3.640285
5,47.666954,4.156879
6,75.883562,5.152324
7,102.104576,6.366674
8,160.052899,8.319165
9,344.031792,11.727239
10,737.231627,15.784259
11,1244.944273,20.734404
12,3475.957260,39.939383
13,9301.468916,71.155105
