years_membership,avg_reputation,avg_badges
0,1.000000,0.582
0,59.000000,0.582
0,55.000000,0.582
0,1.000000,0.582
0,1.000000,0.582
0,1.000000,0.582
0,1.000000,0.582
0,56.000000,0.582
0,1.000000,0.582
0,1.000000,0.582
0,1.000000,0.582
0,1.000000,0.582
0,37.000000,0.582
0,1.000000,0.582
0,1.000000,0.582
0,1.000000,0.582
0,1.000000,0.582
0,43.000000,0.582
0,111.000000,0.582
0,11.000000,0.582
