TOTAL_SAMPLES,MUTATION_TYPES,MEAN_SQUARE_BETWEEN,MEAN_SQUARE_WITHIN,F_STATISTIC
115,3,0.061076703611054495,0.06329223218469895,0.9649952530165294
