icd_o_3_histology,AVERAGE_LOG10_EXPRESSION
9382/3,2.713571305193451
9450/3,2.6967184429497295
9400/3,2.6014163319762282
9451/3,2.582634845707509
9401/3,2.558390345072905
