icd_o_3_histology,avg_log10_expression
9382/3,2.7135713051934514
9400/3,2.6014163319762282
9401/3,2.5583903450729055
9450/3,2.6967184429497295
9451/3,2.582634845707509
