icd_o_3_histology,histological_type,average_log10_expression
9382/3,Oligoastrocytoma,2.7135713051934514
9450/3,Oligodendroglioma,2.6967184429497295
9400/3,Astrocytoma,2.6014163319762282
9451/3,Oligodendroglioma,2.582634845707509
9401/3,Astrocytoma,2.558390345072905
