state,avg_median_income_diff,avg_vulnerable_employment
Massachusetts,9121.021442495126,1157.2236465204808
California,9077.418488444722,2136.8630037655767
New Jersey,8674.214788732394,1344.1755020319931
New Hampshire,8321.348547717842,559.8709478421636
Hawaii,7776.481481481482,1862.9095817981795
