state_name,average_median_income_difference,average_vulnerable_employees
Georgia (U.S. state),16522.466666666667,347.9603095836944
District of Columbia,10497.681818181818,2137.3334018561873
Massachusetts,9121.021442495126,1144.7743148691297
California,9077.418488444722,2023.5671685461577
New Jersey,8674.214788732394,1333.0625229523391
