state_code,median_income_difference,vulnerable_employment_average
DC,10256.565217391311,49670.475272633994
MA,9121.021442495126,621429.098181498
CA,9077.418488444717,3767289.475638712
NJ,8674.214788732395,799784.4237090361
NH,8321.348547717847,138847.99506485657
