state_name,state_code,average_median_income_difference,average_vulnerable_employees
Georgia (U.S. state),GA,16522.466666666667,365.3861959904038
District of Columbia,DC,10497.681818181818,2144.167902431892
Massachusetts,MA,9121.021442495126,1157.2236465204808
California,CA,9077.418488444722,2136.8630037655767
New Jersey,NJ,8674.214788732394,1344.1755020319931
