state_name,avg_income_difference,avg_vulnerable_employees
Georgia (U.S. state),16522.466666666667,365.38619599040385
District of Columbia,10497.681818181818,2144.167902431892
Massachusetts,9121.021442495126,1157.2236465204808
California,9077.418488444722,2136.8630037655767
New Jersey,8674.214788732394,1344.1755020319931
