state_name,state_code,avg_income_difference,avg_vulnerable_employees
Georgia (U.S. state),GA,16522.466666666667,347.9603095836944
District of Columbia,DC,10497.681818181818,2137.3334018561873
Massachusetts,MA,9121.021442495126,1144.7743148691297
California,CA,9077.418488444722,2023.5671685461577
New Jersey,NJ,8674.214788732394,1333.0625229523391
