highway_type,total_length
residential,651.1426482661248
living_street,252.42230849243674
secondary,86.75472341083312
primary,74.84820491732015
pedestrian,66.85025628842348
