highway_type,total_length
residential,0.007259092155364039
living_street,0.002800612191747721
secondary,0.0013639851685408814
primary,0.0008052564775712463
pedestrian,0.0007390009810606405
