highway_type,total_length
residential,159762.63744316387
path,74201.28797251286
track,41612.64983117416
service,35481.373286440605
tertiary,25192.23490230047
