highway_type,total_length_meters
residential,159762.6374431638
path,74201.28797251287
track,41612.64983117414
service,35481.37328644061
tertiary,25192.234902300475
