rfm_segment,avg_sales_per_order
431,444.66066666666666
231,424.38787661406025
451,415.64368627450983
541,413.9266466346154
131,406.32635071090044
221,406.2648304093567
121,405.821887587822
321,383.7911133200795
211,377.2014456505686
531,374.5959962406015
441,374.2283902439024
341,374.1122988505747
351,365.85577865612646
311,323.37270905331826
331,293.5
551,249.9
511,202.7525388601036
411,189.3626438848921
111,184.19065536602702
352,141.52001501501502
