rfm_segment,avg_sales_per_segment
431,488.51554030874786
231,464.376432748538
541,452.2542769857434
221,451.279187279152
451,450.6845355902778
131,448.3854356206631
121,447.64849276714887
441,426.22676666666666
321,424.0875992063492
341,417.22520547945203
531,415.2983587786259
211,413.77558854850474
351,409.8166832504146
311,352.98276204808485
551,267.49
511,218.27592679127724
411,214.57180887372013
111,204.7267081707
222,166.12362841530054
432,165.97992481203008
