highway_type,total_length_m
residential,159762.63744316384
path,74201.2879725129
track,41612.64983117415
service,35481.373286440605
tertiary,25192.234902300475
