highway_type,total_length_m
residential,159762.63744316378
path,74201.28797251287
track,41612.64983117415
service,35481.3732864406
tertiary,25192.23490230048
