years_complete,avg_reputation,avg_badges,users_in_bucket
0,4.513709,0.561690,2049993
1,8.725845,0.748870,2198279
2,14.300551,1.036275,1716349
3,21.513152,1.336736,1642292
4,29.537609,1.644815,1724917
5,47.715723,2.262161,1514148
6,75.901968,3.050317,1251353
7,102.383493,3.496282,1173832
8,160.143627,4.582611,1121823
9,346.390259,7.967306,678682
10,739.368745,13.873200,358589
11,1244.806496,18.451733,199164
12,3499.655339,38.076721,78010
13,9328.534180,71.164619,21650
