complete_years,avg_reputation,avg_badges,users_in_bucket
0,5.014943,0.582713,2589162
1,9.922635,0.805337,2113130
2,15.919993,1.117189,1660340
3,22.791756,1.396702,1669149
4,33.020358,1.752981,1695835
5,54.457323,2.483005,1431711
6,80.924541,3.153328,1223665
7,113.210499,3.677630,1172167
8,185.166303,5.075458,1044880
9,437.249568,9.582610,561281
10,811.246023,14.305428,326250
11,1453.023969,20.298835,175063
12,5065.931854,50.622477,52373
13,11017.293470,78.780673,12894
