completed_years,avg_reputation,avg_badges,user_count
0,4.514072,0.561723,2049726
1,8.727699,0.748958,2198453
2,14.305778,1.036474,1715832
3,21.510611,1.336721,1642249
4,29.540881,1.644930,1724826
5,47.724682,2.262598,1514107
6,75.930573,3.050228,1251327
7,102.380594,3.496837,1173861
8,160.153991,4.582731,1121735
9,346.489613,7.969461,678472
10,739.448961,13.874399,358579
11,1245.222501,18.454233,199127
12,3501.744844,38.089049,77968
13,9328.187448,71.170210,21638
