membership_years,avg_reputation,avg_badges
0,4.514072,0.561723
1,8.727699,0.748958
2,14.305778,1.036474
3,21.510611,1.336721
4,29.540881,1.644930
5,47.724682,2.262598
6,75.930573,3.050228
7,102.380594,3.496837
8,160.153991,4.582731
9,346.489613,7.969461
10,739.448961,13.874399
11,1245.222501,18.454233
12,3501.744844,38.089049
13,9328.187448,71.170210
