membership_years,user_count,avg_reputation,avg_badges
0,2049993,4.513709,0.561690
1,2198279,8.725845,0.748870
2,1716349,14.300551,1.036275
3,1642292,21.513152,1.336736
4,1724917,29.537609,1.644815
5,1514148,47.715723,2.262161
6,1251353,75.901968,3.050317
7,1173832,102.383493,3.496282
8,1121823,160.143627,4.582611
9,678682,346.390259,7.967306
10,358589,739.368745,13.873200
11,199164,1244.806496,18.451733
12,78010,3499.655339,38.076721
13,21650,9328.534180,71.164619
