mirna_id,n_samples,r,t_statistic
hsa-mir-1193,27,0.8325051951727244,7.5133510120144065
hsa-mir-937,28,0.5919080376094248,3.744578186074155
hsa-mir-25,32,0.47662904003302187,2.969618181466885
hsa-mir-590,27,0.36326838370102643,1.9495245882345114
hsa-mir-3133,26,0.3442865977970577,1.7964815995634955
hsa-mir-92a-1,26,-0.333609999315844,-1.733668357815732
