MIRNA_ID,SAMPLE_COUNT,PEARSON_R,T_STATISTIC
hsa-mir-1193,27,0.8270528276619593,7.356495436301948
hsa-mir-937,28,0.5898502270310747,3.724595211099764
hsa-mir-25,32,0.4678821228737623,2.8996632441992976
hsa-mir-6768,30,0.3801841439236387,2.175069596609772
hsa-mir-4768,27,0.36121004211951435,1.9368153028833504
hsa-mir-4519,31,0.32593411393501387,1.8565928384515629
hsa-mir-136,26,0.33492098639820755,1.7413400155758971
