mirna_id,N_SAMPLES,PEARSON_R,T_STATISTIC
hsa-mir-1193,27,0.8325051951727244,7.513351012014407
hsa-mir-937,28,0.5919080376094248,3.744578186074155
hsa-mir-25,32,0.47662904003302187,2.969618181466886
hsa-mir-590,27,0.36326838370102627,1.9495245882345102
hsa-mir-3133,26,0.3442865977970577,1.7964815995634957
hsa-mir-92a-1,26,-0.33360999931584356,-1.7336683578157297
