mirna_id,n_samples,pearson_r,t_statistic
hsa-mir-1193,27,0.6660064347921487,4.464173267522519
hsa-mir-937,28,0.5556399159032959,3.4076740864503114
hsa-mir-25,32,0.38354953435683686,2.2747602909626137
hsa-mir-185,27,0.3885294069951887,2.108281368512531
hsa-mir-20b,29,0.3726512099174643,2.0866508507162296
hsa-mir-6510,26,0.37400679334940706,1.975631133252692
hsa-mir-4519,31,0.32185975143064055,1.8306833022462137
hsa-mir-934,26,0.3265829854528938,1.692738693834172
hsa-mir-3133,26,0.30309707812250636,1.5581628386080693
