mirna_id,n_samples,pearson_r,t_statistic
hsa-mir-1193,27,0.8270528276619593,7.356495436301947
hsa-mir-937,28,0.5898502270310748,3.724595211099765
hsa-mir-25,32,0.46788212287376224,2.899663244199297
hsa-mir-6768,30,0.3801841439236387,2.175069596609772
hsa-mir-4768,27,0.36121004211951435,1.9368153028833504
hsa-mir-4519,31,0.3259341139350139,1.8565928384515635
hsa-mir-136,26,0.33492098639820755,1.7413400155758973
