DELIVERY_MONTH,TOTAL_PROFIT,MONTH_OVER_MONTH_GROWTH
2023-07,2614.4554803704664,1674.2070901250527
2023-05,1926.5826513673073,775.8708230672783
2023-10,1866.2338845429833,499.51405067846736
2023-04,1150.711828300029,441.9733643053372
2022-12,1241.7414639255705,427.8732527670661
