current_month,profit_increase
2023-09,39308.84780855848
2022-09,34087.92196253486
2023-02,28983.064866301596
2023-05,23124.806266780688
2023-11,20779.47040410737
