delivery_month,delivery_year,month_over_month_profit_change
7,2023,1674.2070901250531
5,2023,775.8708230672783
10,2023,499.51405067846736
4,2023,441.9733643053372
12,2022,427.8732527670659
