delivery_month,profit_increase
2023-02,2637.986600168517
2023-05,2467.1739359994144
2023-11,2211.6246713014534
2023-09,1954.6861404260699
2022-11,816.6204927502904
