Group,PatientID,AvgSeriesSize_MiB
Top 3 by Slice Interval,111559,2.804938714286
Top 3 by Slice Interval,116039,2.037192714286
Top 3 by Max Exposure,212691,1.633676000000
Top 3 by Max Exposure,109939,2.510589400000
Top 3 by Max Exposure,109153,1.243711500000
Top 3 by Slice Interval,124832,2.727757666667
